id,img
4654,img-280
2674,img-231
5087,img-355
4332,img-96
43,img-38
4353,img-594
834,img-520
5051,img-567
5122,img-571
4819,img-335
4827,img-601
4924,img-461
2703,img-284
4593,img-552
4926,img-181
4354,img-500
4811,img-123
4546,img-51
2507,img-310
2739,img-340
5311,img-35
4673,img-93
1606,img-62
3829,img-345
832,img-375
4665,img-154
4796,img-428
1795,img-260
4366,img-549
4562,img-438
3236,img-305
2535,img-232
2847,img-331
4728,img-361
2685,img-312
1758,img-561
139,img-259
4362,img-136
4694,img-473
4660,img-286
2703,img-283
4751,img-359
1674,img-180
4674,img-5
4974,img-57
4789,img-532
1086,img-415
3749,img-59
4743,img-283
5037,img-396
150,img-424
4835,img-506
5089,img-407
4790,img-2
4818,img-580
2507,img-313
4742,img-559
2080,img-14
4358,img-178
2535,img-231
4927,img-458
4823,img-436
1554,img-7
5179,img-523
817,img-238
4824,img-439
149,img-269
4564,img-427
1112,img-141
3369,img-199
3176,img-121
824,img-44
5343,img-603
3240,img-324
4769,img-156
4385,img-164
2849,img-94
4834,img-550
2136,img-193
4681,img-348
4627,img-162
4932,img-468
31,img-405
5020,img-531
2183,img-100
4823,img-437
4511,img-122
4744,img-483
22,img-37
1758,img-562
4644,img-469
4825,img-237
5376,img-397
4013,img-573
4952,img-486
4790,img-1
1784,img-385
834,img-521
5195,img-557
5083,img-71
5142,img-380
5159,img-389
1674,img-177
1736,img-589
1097,img-416
5154,img-394
5299,img-125
109,img-301
1678,img-208
4591,img-444
2851,img-379
5377,img-23
4590,img-158
4806,img-180
2685,img-311
2314,img-240
4509,img-358
5020,img-530
2529,img-75
5151,img-52
4780,img-387
4777,img-537
1780,img-154
140,img-427
3369,img-198
4363,img-538
4792,img-44
4975,img-323
43,img-39
836,img-258
4364,img-524
1736,img-590
1674,img-179
4770,img-480
5147,img-263
1784,img-380
4985,img-536
4829,img-225
803,img-57
795,img-342
4971,img-491
1024,img-72
19,img-64
140,img-425
5020,img-529
4934,img-106
781,img-6
2261,img-230
4510,img-215
4772,img-116
4830,img-353
2080,img-15
4682,img-79
837,img-225
2080,img-16
5319,img-223
4664,img-30
2287,img-424
4012,img-565
3177,img-10
4993,img-27
2119,img-196
4589,img-240
5042,img-242
5376,img-398
4921,img-187
1784,img-383
4685,img-261
109,img-302
5122,img-569
4686,img-475
4679,img-213
3369,img-206
1595,img-56
5027,img-117
837,img-224
4669,img-74
3458,img-377
1678,img-207
2143,img-260
837,img-227
5374,img-61
4826,img-502
4537,img-299
1738,img-381
837,img-226
5120,img-294
4563,img-313
5060,img-435
151,img-160
3472,img-12
4939,img-250
2848,img-144
4938,img-228
3029,img-404
4947,img-326
1707,img-251
4925,img-95
4592,img-426
1784,img-382
5156,img-120
3369,img-202
4371,img-184
4662,img-429
4785,img-297
4753,img-457
817,img-236
5164,img-247
2314,img-239
4784,img-69
2359,img-439
4820,img-203
5040,img-497
795,img-341
5164,img-246
4990,img-384
4675,img-327
5081,img-328
803,img-56
2683,img-81
5376,img-399
5162,img-307
5057,img-448
3121,img-501
1747,img-166
2993,img-47
839,img-8
5026,img-566
2510,img-156
76,img-334
2674,img-232
5160,img-276
4976,img-28
2359,img-437
3369,img-204
2847,img-330
4668,img-300
5319,img-222
4749,img-138
1685,img-78
1112,img-142
4899,img-488
5374,img-62
5041,img-599
1674,img-178
4670,img-161
821,img-174
4765,img-39
1045,img-34
2118,img-253
2683,img-82
4973,img-372
3854,img-63
2683,img-84
5086,img-408
4837,img-217
1738,img-382
5147,img-264
4360,img-173
4927,img-459
836,img-256
3749,img-60
2359,img-438
1784,img-381
2769,img-360
2849,img-93
4921,img-186
4972,img-277
1795,img-259
3369,img-200
4940,img-425
4359,img-281
4923,img-390
836,img-255
4799,img-519
4346,img-402
4950,img-29
3160,img-329
2510,img-157
3832,img-292
5161,img-254
4766,img-478
2849,img-92
4551,img-238
824,img-45
5061,img-474
3414,img-244
5164,img-249
4683,img-26
5019,img-15
3472,img-11
4646,img-463
4951,img-43
4899,img-487
4384,img-525
4701,img-33
4066,img-73
3369,img-201
4352,img-414
4928,img-349
4773,img-110
1747,img-165
4677,img-46
4630,img-481
4645,img-151
4687,img-417
4818,img-581
4651,img-553
1747,img-164
4014,img-306
4559,img-50
4830,img-352
4734,img-447
1795,img-261
4385,img-163
4816,img-55
4346,img-403
5028,img-371
4767,img-490
4798,img-25
2535,img-230
4904,img-350
2529,img-74
4697,img-472
2848,img-147
4922,img-182
4630,img-482
4374,img-504
5067,img-325
4963,img-470
2848,img-145
840,img-194
5040,img-496
4978,img-362
2099,img-87
152,img-76
4905,img-346
1113,img-321
2177,img-450
3369,img-205
2099,img-86
836,img-257
4671,img-564
4678,img-587
5305,img-179
4948,img-226
2993,img-46
5058,img-401
5111,img-98
1139,img-572
5195,img-556
4510,img-214
5037,img-395
5019,img-14
4839,img-356
5164,img-248
4384,img-526
5042,img-243
5092,img-540
2100,img-378
5053,img-137
2242,img-390
839,img-9
4553,img-363
3924,img-554
4779,img-278
1606,img-61
4548,img-241
2507,img-312
4819,img-334
5113,img-70
4734,img-446
4944,img-588
832,img-376
1707,img-250
4795,img-393
3832,img-293
4332,img-97
5041,img-598
817,img-237
4837,img-216
4748,img-595
4377,img-227
4945,img-582
1685,img-77
4771,img-177
4672,img-422
2690,img-77
4356,img-92
4355,img-188
20,img-443
2739,img-338
832,img-377
4680,img-168
5020,img-528
2507,img-311
3423,img-471
5051,img-568
933,img-192
1810,img-221
1756,img-430
4011,img-265
2314,img-241
2103,img-558
1795,img-262
109,img-303
2510,img-155
5122,img-570
5048,img-533
21,img-195
2849,img-95
3749,img-58
1707,img-249
4509,img-357
2848,img-146
1756,img-431
4821,img-351
1606,img-63
1560,img-4
1784,img-386
4633,img-279
832,img-378
4822,img-492
4661,img-209
4941,img-495
776,img-406
5120,img-295
4766,img-479
4666,img-258
5377,img-22
3160,img-330
4017,img-175
1784,img-379
5160,img-275
2739,img-339
4374,img-503
23,img-290
2683,img-83
4999,img-78
4961,img-527
5064,img-284
5112,img-477
2847,img-329
4792,img-45
2849,img-96
5377,img-24
5375,img-150
4352,img-413
5147,img-262
1822,img-560
146,img-462
4838,img-183
4688,img-551
4361,img-204
5202,img-143
5319,img-221
4552,img-320
1113,img-322
140,img-426
4667,img-102
4977,img-42
4835,img-505
5374,img-60
